{"name":"Pizza Demo Store","short_name":"Pizza Demo","description":"Order from Pizza Demo Store","start_url":"/store/demo","scope":"https://orderviachat.com/store/demo","display":"standalone","background_color":"#ffffff","theme_color":"#e11d48","categories":["food","shopping","lifestyle"],"orientation":"portrait","id":"/store/demo","icons":[{"src":"https://orderviachat.com/icons/android-chrome-192x192.png","sizes":"192x192","purpose":"any"},{"src":"https://orderviachat.com/icons/android-chrome-512x512.png","sizes":"512x512","purpose":"any"},{"src":"https://orderviachat.com/icons/android-chrome-192x192.png","sizes":"192x192","purpose":"maskable"},{"src":"https://orderviachat.com/icons/android-chrome-512x512.png","sizes":"512x512","purpose":"maskable"}]}